{
  "Gaussian Process": {
    "r2": 0.997351,
    "mae": 22253.035055,
    "mse": 1020017463.185984,
    "rmse": 31937.712241
  },
  "Ridge Regression": {
    "r2": 0.770293,
    "mae": 252023.181358,
    "mse": 88435225760.0423,
    "rmse": 297380.607572
  },
  "Random Forest": {
    "r2": 0.999938,
    "mae": 3192.081818,
    "mse": 23694420.518182,
    "rmse": 4867.691498
  },
  "XGBoost": {
    "r2": 0.999952,
    "mae": 2786.359659,
    "mse": 18351623.518963,
    "rmse": 4283.879494
  },
  "Neural Network": {
    "r2": 0.941152,
    "mae": 125651.428409,
    "mse": 22655921745.835087,
    "rmse": 150518.84183
  }
}